feature_0,feature_1,feature_2,feature_3,feature_4,feature_5,feature_6,feature_7,feature_8,diagnosis
1.0,1.0,1.0,1.0,1.0,1,1.0,1.0,1.0,2
1.0,1.0,1.0,1.0,1.0,1,1.0,1.0,1.0,2
1.0,1.0,1.0,1.0,1.0,1,1.0,1.0,1.0,2
10.0,10.0,10.0,10.0,10.0,10,10.0,10.0,1.0,4
10.0,10.0,10.0,10.0,10.0,10,10.0,10.0,1.0,4
1.0,1.0,1.0,1.0,1.0,1,1.0,1.0,1.0,2
10.0,1.0,1.0,1.0,10.0,1,10.0,1.0,1.0,4
1.0,1.0,1.0,1.0,1.0,1,1.0,1.0,1.0,2
10.0,10.0,10.0,8.0,10.0,10,10.0,2.0,1.0,4
1.0,1.0,1.0,1.0,1.0,1,1.0,1.0,1.0,2
1.0,1.0,1.0,1.0,1.0,1,1.0,1.0,1.0,2
10.0,10.0,10.0,10.0,10.0,10,10.0,10.0,1.0,4
10.0,1.0,1.0,1.0,10.0,1,1.0,1.0,1.0,4
10.0,10.0,10.0,10.0,10.0,10,10.0,10.0,1.0,4
1.0,1.0,1.0,1.0,1.0,1,1.0,1.0,1.0,2
1.0,1.0,1.0,1.0,1.0,1,1.0,1.0,1.0,2
10.0,10.0,10.0,10.0,10.0,10,10.0,10.0,1.0,4
10.0,10.0,10.0,10.0,10.0,10,10.0,10.0,1.0,4
10.0,10.0,10.0,10.0,10.0,10,10.0,10.0,1.0,4
10.0,10.0,10.0,10.0,10.0,10,10.0,10.0,1.0,4
10.0,10.0,10.0,1.0,10.0,10,10.0,1.0,1.0,4
10.0,10.0,10.0,10.0,10.0,10,10.0,10.0,1.0,4
1.0,1.0,1.0,1.0,1.0,1,1.0,1.0,1.0,2
1.0,1.0,1.0,1.0,1.0,1,1.0,1.0,1.0,2
10.0,10.0,10.0,10.0,10.0,10,10.0,10.0,1.0,4
10.0,10.0,10.0,10.0,10.0,10,10.0,10.0,1.0,4
10.0,10.0,10.0,10.0,10.0,10,10.0,10.0,1.0,4
10.0,10.0,2.0,1.0,10.0,10,10.0,1.0,1.0,4
1.0,1.0,1.0,1.0,1.0,1,1.0,1.0,1.0,2
1.0,1.0,1.0,1.0,1.0,1,1.0,1.0,1.0,2
10.0,10.0,10.0,10.0,10.0,10,10.0,10.0,1.0,4
10.0,10.0,10.0,10.0,10.0,10,10.0,10.0,1.0,4
10.0,10.0,10.0,10.0,10.0,10,10.0,10.0,1.0,4
1.0,1.0,1.0,1.0,1.0,1,1.0,1.0,1.0,2
1.0,1.0,1.0,1.0,1.0,1,1.0,1.0,1.0,2
10.0,10.0,10.0,10.0,10.0,10,10.0,10.0,1.0,4
10.0,10.0,10.0,10.0,10.0,10,10.0,10.0,1.0,4
1.0,1.0,1.0,1.0,1.0,1,1.0,1.0,1.0,2
10.0,10.0,10.0,1.0,10.0,10,10.0,1.0,1.0,4
10.0,10.0,10.0,10.0,10.0,10,10.0,10.0,1.0,4
1.0,1.0,1.0,1.0,1.0,1,1.0,1.0,1.0,2
10.0,10.0,10.0,10.0,10.0,10,10.0,10.0,1.0,4
10.0,10.0,10.0,10.0,10.0,10,10.0,10.0,1.0,4
1.0,1.0,1.0,1.0,1.0,1,1.0,1.0,1.0,2
10.0,10.0,10.0,10.0,10.0,10,10.0,10.0,1.0,4
1.0,1.0,1.0,1.0,1.0,1,1.0,1.0,1.0,2
10.0,10.0,10.0,10.0,10.0,10,10.0,10.0,1.0,4
1.0,1.0,1.0,1.0,1.0,1,1.0,1.0,1.0,2
1.0,1.0,1.0,1.0,1.0,1,1.0,1.0,1.0,2
10.0,1.0,1.0,1.0,10.0,1,1.0,1.0,1.0,2
10.0,10.0,10.0,10.0,10.0,10,10.0,10.0,1.0,4
10.0,10.0,10.0,10.0,10.0,10,10.0,10.0,1.0,4
10.0,10.0,10.0,10.0,10.0,10,10.0,10.0,1.0,4
1.0,1.0,1.0,1.0,1.0,1,1.0,1.0,1.0,2
10.0,10.0,10.0,10.0,10.0,10,10.0,10.0,1.0,4
1.0,1.0,1.0,1.0,1.0,1,1.0,1.0,1.0,2
1.0,1.0,1.0,1.0,1.0,1,1.0,1.0,1.0,2
1.0,1.0,1.0,1.0,1.0,1,1.0,1.0,1.0,2
1.0,1.0,1.0,1.0,1.0,1,1.0,1.0,1.0,2
1.0,1.0,1.0,1.0,1.0,1,1.0,1.0,1.0,2
10.0,1.0,1.0,1.0,10.0,1,6.0,1.0,1.0,2
10.0,10.0,10.0,10.0,10.0,10,10.0,10.0,1.0,4
1.0,1.0,1.0,1.0,1.0,1,1.0,1.0,1.0,2
10.0,1.0,1.0,1.0,10.0,1,10.0,1.0,1.0,4
10.0,10.0,10.0,10.0,10.0,10,10.0,10.0,1.0,4
10.0,10.0,10.0,10.0,10.0,10,10.0,10.0,1.0,4
1.0,1.0,1.0,1.0,1.0,1,1.0,1.0,1.0,2
10.0,10.0,10.0,1.0,10.0,10,10.0,1.0,1.0,4
4.0,1.0,1.0,1.0,3.0,1,1.0,1.0,1.0,2
10.0,10.0,10.0,10.0,10.0,10,10.0,10.0,1.0,4
10.0,10.0,10.0,5.0,10.0,10,10.0,1.0,1.0,4
1.0,1.0,1.0,1.0,2.0,1,1.0,1.0,1.0,4
1.0,1.0,1.0,1.0,1.0,1,1.0,1.0,1.0,4
1.0,1.0,1.0,1.0,1.0,1,1.0,1.0,1.0,2
1.0,1.0,1.0,1.0,1.0,1,1.0,1.0,1.0,2
10.0,1.0,1.0,1.0,7.0,1,1.0,1.0,1.0,2
1.0,1.0,1.0,1.0,1.0,1,1.0,1.0,1.0,2
10.0,10.0,10.0,10.0,10.0,10,10.0,10.0,1.0,4
1.0,1.0,1.0,1.0,1.0,1,1.0,1.0,1.0,2
10.0,10.0,7.0,1.0,10.0,10,10.0,1.0,1.0,2
3.0,1.0,1.0,1.0,2.0,1,1.0,1.0,1.0,2
10.0,10.0,10.0,10.0,10.0,10,10.0,10.0,1.0,4
10.0,10.0,10.0,10.0,10.0,10,10.0,10.0,1.0,4
1.0,1.0,1.0,1.0,1.0,1,1.0,1.0,1.0,2
1.0,1.0,1.0,1.0,1.0,1,1.0,1.0,1.0,2
1.0,1.0,1.0,1.0,1.0,1,1.0,1.0,1.0,2
10.0,10.0,10.0,10.0,10.0,10,10.0,10.0,1.0,4
10.0,10.0,10.0,10.0,10.0,10,10.0,10.0,1.0,4
10.0,10.0,10.0,10.0,10.0,10,10.0,10.0,1.0,4
10.0,10.0,10.0,10.0,10.0,10,10.0,10.0,1.0,4
10.0,1.0,1.0,1.0,5.3058906,1,1.0,1.0,1.0,2
1.0,1.0,1.0,1.0,1.0,1,1.0,1.0,1.0,2
1.0,1.0,1.0,1.0,1.0,1,1.0,1.0,1.0,2
10.0,10.0,10.0,10.0,10.0,10,10.0,10.0,1.0,4
1.0,1.0,1.0,1.0,1.0,1,1.0,1.0,1.0,2
10.0,10.0,10.0,10.0,10.0,10,10.0,10.0,1.0,4
10.0,10.0,10.0,10.0,10.0,10,10.0,10.0,1.0,4
10.0,10.0,10.0,10.0,10.0,10,10.0,10.0,1.0,4
1.0,1.0,1.0,1.0,2.0,1,1.0,1.0,1.0,2
1.0,1.0,1.0,1.0,1.0,1,1.0,1.0,1.0,2
1.0,1.0,1.0,1.0,1.0,1,1.0,1.0,1.0,2
10.0,10.0,10.0,10.0,10.0,10,10.0,10.0,1.0,4
10.0,10.0,10.0,10.0,10.0,10,10.0,1.0,1.0,4
1.0,1.0,1.0,1.0,1.0,1,1.0,1.0,1.0,2
10.0,10.0,10.0,10.0,10.0,10,10.0,10.0,1.0,4
10.0,10.0,10.0,10.0,10.0,10,10.0,10.0,1.0,4
10.0,10.0,10.0,10.0,10.0,10,10.0,10.0,1.0,4
1.0,1.0,1.0,1.0,1.0,1,1.0,1.0,1.0,2
10.0,1.0,1.0,1.0,10.0,1,2.0,1.0,1.0,2
10.0,10.0,10.0,10.0,10.0,10,10.0,10.0,1.0,4
1.0,1.0,1.0,1.0,1.0,1,1.0,1.0,1.0,2
10.0,10.0,10.0,10.0,10.0,10,10.0,10.0,1.0,4
1.0,1.0,1.0,1.0,1.0,1,1.0,1.0,1.0,2
10.0,10.0,10.0,10.0,10.0,10,10.0,10.0,1.0,4
1.0,1.0,1.0,1.0,1.0,1,1.0,1.0,1.0,2
1.0,1.0,1.0,1.0,1.0,1,1.0,1.0,1.0,2
1.0,1.0,1.0,1.0,1.0,1,1.0,1.0,1.0,2
10.0,1.0,1.0,1.0,10.0,1,1.0,1.0,1.0,4
10.0,10.0,10.0,1.0,10.0,10,10.0,1.0,1.0,2
10.0,10.0,10.0,10.0,10.0,10,10.0,10.0,1.0,4
10.0,10.0,10.0,10.0,10.0,10,10.0,10.0,1.0,4
1.0,1.0,1.0,1.0,10.0,1,1.0,1.0,1.0,2
1.0,1.0,1.0,1.0,1.0,1,1.0,1.0,1.0,2
1.0,1.0,1.0,1.0,1.0,1,1.0,1.0,1.0,2
1.0,1.0,1.0,1.0,1.0,1,1.0,1.0,1.0,2
1.0,1.0,1.0,1.0,1.0,1,1.0,1.0,1.0,2
10.0,10.0,10.0,10.0,10.0,10,10.0,10.0,1.0,4
10.0,10.0,10.0,10.0,10.0,10,10.0,10.0,1.0,4
1.0,1.0,1.0,1.0,1.0,1,1.0,1.0,1.0,2
1.0,1.0,1.0,1.0,1.0,1,1.0,1.0,1.0,4
10.0,10.0,10.0,10.0,10.0,10,10.0,10.0,1.0,4
1.0,1.0,1.0,1.0,1.0,1,1.0,1.0,1.0,2
1.0,1.0,1.0,1.0,1.0,1,1.0,1.0,1.0,2
10.0,10.0,10.0,10.0,10.0,10,10.0,10.0,1.0,4
1.0,1.0,1.0,1.0,1.0,1,1.0,1.0,1.0,4
1.0,1.0,1.0,1.0,1.0,1,1.0,1.0,1.0,2
10.0,10.0,10.0,10.0,10.0,10,10.0,10.0,1.0,4
1.0,1.0,1.0,1.0,1.0,1,1.0,1.0,1.0,2
10.0,10.0,10.0,10.0,10.0,10,10.0,10.0,1.0,4
10.0,10.0,10.0,10.0,10.0,10,10.0,10.0,1.0,4
